{"loss": [2.3053367137908936, 1.9044084548950195, 1.8619626760482788, 1.841292381286621, 1.8102902173995972, 1.777739405632019, 1.7204707860946655, 1.6656627655029297, 1.5970728397369385, 1.5449591875076294, 1.5039966106414795, 1.4589787721633911, 1.4237611293792725, 1.3958524465560913, 1.36636221408844, 1.3460304737091064, 1.3229278326034546, 1.3043323755264282, 1.2937449216842651, 1.2803071737289429, 1.2710741758346558, 1.2621655464172363, 1.256880760192871, 1.2497068643569946, 1.2406480312347412, 1.2392712831497192, 1.2368677854537964, 1.2325505018234253, 1.226910948753357, 1.226082444190979, 1.219558835029602, 1.2147724628448486, 1.214726209640503, 1.2102103233337402, 1.2014442682266235, 1.2069566249847412, 1.206788182258606, 1.2057478427886963, 1.2001456022262573, 1.2021621465682983, 1.0896680355072021, 1.0778270959854126, 1.0730149745941162, 1.0690771341323853, 1.0668387413024902, 1.05852210521698, 1.060447096824646, 1.0516703128814697, 1.0530434846878052, 1.0408071279525757, 1.0381321907043457, 1.0345954895019531, 1.0310372114181519, 1.0342937707901, 1.0269204378128052, 1.020539402961731, 1.0167860984802246, 1.0203075408935547, 1.0194729566574097, 1.0073442459106445, 0.9716299772262573, 0.9698848128318787, 0.9646214246749878, 0.9680815935134888, 0.9640322923660278, 0.9731143712997437, 0.968932032585144, 0.9669111371040344, 0.9667421579360962, 0.9634160995483398, 0.9610656499862671, 0.9654038548469543, 0.9618861675262451, 0.9572893977165222, 0.9598580598831177], "accuracy": [0.19391025602817535, 0.22296613454818726, 0.24521394073963165, 0.2474108189344406, 0.25333890318870544, 0.2669037878513336, 0.28691983222961426, 0.3209889531135559, 0.36562401056289673, 0.40488892793655396, 0.433169424533844, 0.46043866872787476, 0.48533669114112854, 0.5001569390296936, 0.5198591351509094, 0.5298671126365662, 0.5444433093070984, 0.5531959533691406, 0.5594030022621155, 0.5620532035827637, 0.5724447965621948, 0.5726889371871948, 0.5771175622940063, 0.5792098045349121, 0.585486650466919, 0.5845451354980469, 0.5846148729324341, 0.5901244878768921, 0.5894270539283752, 0.5897060632705688, 0.5948669910430908, 0.6016668677330017, 0.6030616760253906, 0.6022247672080994, 0.6051191091537476, 0.603026807308197, 0.6038985848426819, 0.6026083827018738, 0.6076298356056213, 0.6063395738601685, 0.6525919437408447, 0.6552289128303528, 0.6580186486244202, 0.6567283868789673, 0.6561355590820312, 0.6588555574417114, 0.6597273349761963, 0.6622729301452637, 0.6619590520858765, 0.6680614948272705, 0.6647138595581055, 0.6675384640693665, 0.6681661009788513, 0.6688984036445618, 0.6698747873306274, 0.6710255742073059, 0.6725947856903076, 0.6722111701965332, 0.6746870279312134, 0.6777905821800232, 0.6851310133934021, 0.6873801350593567, 0.6897165179252625, 0.6884611248970032, 0.691564679145813, 0.685636579990387, 0.6901000738143921, 0.6901698112487793, 0.6897862553596497, 0.6909369826316833, 0.6904836893081665, 0.6913554668426514, 0.6915298104286194, 0.6915995478630066, 0.6894375085830688], "val_loss": [1.8813575506210327, 1.8679753541946411, 1.8515183925628662, 1.818894624710083, 1.772878885269165, 1.6972604990005493, 1.6432071924209595, 1.5238115787506104, 1.5050678253173828, 1.4617499113082886, 1.3663337230682373, 1.3250617980957031, 1.3200695514678955, 1.3442550897598267, 1.315224528312683, 1.311955451965332, 1.303633689880371, 1.2053176164627075, 1.2435771226882935, 1.2340832948684692, 1.218562364578247, 1.2356197834014893, 1.2307909727096558, 1.2153211832046509, 1.2064063549041748, 1.2101576328277588, 1.1927785873413086, 1.3478575944900513, 1.188856840133667, 1.191220998764038, 1.2275876998901367, 1.2302707433700562, 1.2205449342727661, 1.2118885517120361, 1.2104054689407349, 1.2067424058914185, 1.2084157466888428, 1.1949142217636108, 1.1972484588623047, 1.2210711240768433, 1.1107680797576904, 1.1060491800308228, 1.1040440797805786, 1.1075809001922607, 1.1042461395263672, 1.1012591123580933, 1.0904948711395264, 1.0893399715423584, 1.0960242748260498, 1.098091959953308, 1.0857648849487305, 1.0928821563720703, 1.084937334060669, 1.0911272764205933, 1.0697848796844482, 1.0870641469955444, 1.0825436115264893, 1.073464274406433, 1.0675336122512817, 1.0730050802230835, 1.0520278215408325, 1.0560834407806396, 1.0557267665863037, 1.0584250688552856, 1.0567452907562256, 1.057491660118103, 1.0580178499221802, 1.0555301904678345, 1.0569021701812744, 1.0579687356948853, 1.0567787885665894, 1.0543386936187744, 1.0567927360534668, 1.055629849433899, 1.0563710927963257], "val_accuracy": [0.2446986585855484, 0.2446986585855484, 0.2446986585855484, 0.248046875, 0.2700892984867096, 0.302734375, 0.3166852593421936, 0.4070870578289032, 0.41796875, 0.4617745578289032, 0.5078125, 0.5212053656578064, 0.5167410969734192, 0.5231584906578064, 0.5396205186843872, 0.53515625, 0.5393415093421936, 0.5795201063156128, 0.5588727593421936, 0.5714285969734192, 0.5775669813156128, 0.5700334906578064, 0.5747767686843872, 0.5652901530265808, 0.5789620280265808, 0.5814732313156128, 0.5862165093421936, 0.5334821343421936, 0.5923548936843872, 0.5859375, 0.5650111436843872, 0.5703125, 0.5834263563156128, 0.5825892686843872, 0.5831473469734192, 0.5951451063156128, 0.5887276530265808, 0.5859375, 0.5845423936843872, 0.5901227593421936, 0.6208147406578064, 0.6213727593421936, 0.6188616156578064, 0.6216517686843872, 0.62109375, 0.6244419813156128, 0.6252790093421936, 0.6283482313156128, 0.6258370280265808, 0.6213727593421936, 0.6350446343421936, 0.6247209906578064, 0.6286272406578064, 0.6303013563156128, 0.6328125, 0.6266741156578064, 0.6255580186843872, 0.6339285969734192, 0.6392298936843872, 0.6350446343421936, 0.6439732313156128, 0.6414620280265808, 0.6428571343421936, 0.6409040093421936, 0.6403459906578064, 0.642578125, 0.640625, 0.640625, 0.6381138563156128, 0.6395089030265808, 0.6409040093421936, 0.6403459906578064, 0.6417410969734192, 0.6409040093421936, 0.6414620280265808]}